{"cameraMode":{"drawMode":0,"name":"Shaded","section":"Shading Mode"},"sceneLighting":true,"audioPlay":false,"sceneViewState":{"m_AlwaysRefresh":false,"showFog":true,"showSkybox":true,"showFlares":true,"showImageEffects":true,"showParticleSystems":true,"showVisualEffectGraphs":true,"m_FxEnabled":true},"in2DMode":false,"pivot":{"x":-5.048807144165039,"y":4.2168097496032719,"z":-2.5837502479553224},"rotation":{"x":-0.28577694296836855,"y":-0.22939999401569367,"z":0.07066255062818527,"w":-0.9277477860450745},"size":4.230125904083252,"orthographic":false}