{"cameraMode":{"drawMode":0,"name":"Shaded","section":"Shading Mode"},"sceneLighting":true,"audioPlay":false,"sceneViewState":{"m_AlwaysRefresh":false,"showFog":true,"showSkybox":true,"showFlares":true,"showImageEffects":true,"showParticleSystems":true,"showVisualEffectGraphs":true,"m_FxEnabled":true},"in2DMode":false,"pivot":{"x":12.99492359161377,"y":-0.36815500259399416,"z":-1.1387097835540772},"rotation":{"x":-0.13390207290649415,"y":-0.47518420219421389,"z":0.07342353463172913,"w":-0.866544246673584},"size":17.12459373474121,"orthographic":false}